{
  "losses": [
    0.003994859072808089,
    0.003333803753870112,
    0.0027371479388166448,
    0.0022831096651636748,
    0.001992151056369598,
    0.0017310052539669537,
    0.0014996163072946217,
    0.0012683014424428136,
    0.001041011463713905,
    0.0008342826668610551,
    0.0006769464630199971,
    0.0005210448062241046,
    0.0003876328522284538,
    0.0003342469214653019,
    0.0002542298443256976,
    0.00022474128465793075,
    0.00019019463066294965,
    0.00018812188916235962,
    0.00016920810851542615,
    0.00015595343698199648,
    0.00015478056797201746,
    0.00015331173495838077,
    0.00014528565097212854,
    0.0001523317957072448,
    0.00013890446381006473,
    0.00013614309863975118,
    0.00012748321037463924,
    0.00016549996650101789,
    0.0001443069817501217,
    0.00013450536620598412,
    0.00014749970103999956,
    0.00012142853729476969,
    0.00013781669060615326,
    0.00014658536197327605,
    0.0001347390631289909,
    0.00012334648941812648,
    0.000129594166454292,
    0.00012414971442649357,
    0.0001221865008932534,
    0.000127835538425226,
    0.00011843773818238066,
    0.00013874102512974844,
    0.00013265159873381466,
    0.0001226554104872337,
    0.00013829976324121137,
    0.0001236205198838189,
    0.00012575967677720025,
    0.00012707853264840724,
    0.00012568016697937383,
    0.00012718226646920653,
    0.0001316959085593369,
    0.00011553554528282518,
    0.00011693265248596884,
    0.0001380095249682711,
    0.00011526942407289319,
    0.00012014453591797183,
    0.00012434286581409205,
    0.0001311295950545342,
    0.0001462504992322236,
    0.0001294397625183726,
    0.00013531562648193244,
    0.00010703621596961335,
    0.00012392837667921572,
    0.00012706062311775872,
    0.00013783176425233507,
    0.00013689805194157364,
    0.00011683489782355082,
    0.00012825039758376365,
    0.00011234374141606776,
    0.00013178165768843147,
    0.00012716777676661522,
    0.00012138121088304732,
    0.00013544042081612106,
    0.00014300416891000088,
    0.00013707159496593278,
    0.00013918842420760548,
    0.00011936637326743525,
    0.0001330020188498978,
    0.00011303254527960548,
    0.00013930754773646393
  ],
  "metrics": {
    "both": {
      "optimistic": {
        "adjusted_arithmetic_mean_rank": 0.03981275685649585,
        "adjusted_arithmetic_mean_rank_index": 0.961265573013424,
        "adjusted_geometric_mean_rank_index": 0.9973177271068261,
        "adjusted_hits_at_k": 0.8026306369351538,
        "adjusted_inverse_harmonic_mean_rank": 0.6973092947314793,
        "arithmetic_mean_rank": 35.49065420560748,
        "count": 214.0,
        "geometric_mean_rank": 2.7642035209739833,
        "harmonic_mean_rank": 1.4312724650000923,
        "hits_at_1": 0.6448598130841121,
        "hits_at_10": 0.8037383177570093,
        "hits_at_3": 0.719626168224299,
        "hits_at_5": 0.7616822429906542,
        "inverse_arithmetic_mean_rank": 0.028176431863067807,
        "inverse_geometric_mean_rank": 0.36176786275405803,
        "inverse_harmonic_mean_rank": 0.6986789898175925,
        "inverse_median_rank": 1.0,
        "median_absolute_deviation": 0.0,
        "median_rank": 1.0,
        "standard_deviation": 165.91445100666502,
        "variance": 27527.60505284305,
        "z_arithmetic_mean_rank": 24.34224957354412,
        "z_geometric_mean_rank": 14.758033121793877,
        "z_hits_at_k": 156.2906857732422,
        "z_inverse_harmonic_mean_rank": 338.0394952980381
      },
      "pessimistic": {
        "adjusted_arithmetic_mean_rank": 0.03981275685649585,
        "adjusted_arithmetic_mean_rank_index": 0.961265573013424,
        "adjusted_geometric_mean_rank_index": 0.9973177271068261,
        "adjusted_hits_at_k": 0.8026306369351538,
        "adjusted_inverse_harmonic_mean_rank": 0.6973092947314793,
        "arithmetic_mean_rank": 35.49065420560748,
        "count": 214.0,
        "geometric_mean_rank": 2.7642035209739833,
        "harmonic_mean_rank": 1.4312724650000923,
        "hits_at_1": 0.6448598130841121,
        "hits_at_10": 0.8037383177570093,
        "hits_at_3": 0.719626168224299,
        "hits_at_5": 0.7616822429906542,
        "inverse_arithmetic_mean_rank": 0.028176431863067807,
        "inverse_geometric_mean_rank": 0.36176786275405803,
        "inverse_harmonic_mean_rank": 0.6986789898175925,
        "inverse_median_rank": 1.0,
        "median_absolute_deviation": 0.0,
        "median_rank": 1.0,
        "standard_deviation": 165.91445100666502,
        "variance": 27527.60505284305,
        "z_arithmetic_mean_rank": 24.34224957354412,
        "z_geometric_mean_rank": 14.758033121793877,
        "z_hits_at_k": 156.2906857732422,
        "z_inverse_harmonic_mean_rank": 338.0394952980381
      },
      "realistic": {
        "adjusted_arithmetic_mean_rank": 0.039812756616537534,
        "adjusted_arithmetic_mean_rank_index": 0.9612655732536518,
        "adjusted_geometric_mean_rank_index": 0.9973177267025917,
        "adjusted_hits_at_k": 0.8026306369351538,
        "adjusted_inverse_harmonic_mean_rank": 0.697309293068966,
        "arithmetic_mean_rank": 35.49065399169922,
        "count": 214.0,
        "geometric_mean_rank": 2.7642037868499756,
        "harmonic_mean_rank": 1.4312724683904074,
        "hits_at_1": 0.6448598130841121,
        "hits_at_10": 0.8037383177570093,
        "hits_at_3": 0.719626168224299,
        "hits_at_5": 0.7616822429906542,
        "inverse_arithmetic_mean_rank": 0.028176432475447655,
        "inverse_geometric_mean_rank": 0.36176782846450806,
        "inverse_harmonic_mean_rank": 0.6986789881626022,
        "inverse_median_rank": 1.0,
        "median_absolute_deviation": 0.0,
        "median_rank": 1.0,
        "standard_deviation": 165.9144287109375,
        "variance": 27527.599609375,
        "z_arithmetic_mean_rank": 24.34224957962744,
        "z_geometric_mean_rank": 14.758033115812127,
        "z_hits_at_k": 156.2906857732422,
        "z_inverse_harmonic_mean_rank": 338.03949449208994
      }
    },
    "head": {
      "optimistic": {
        "adjusted_arithmetic_mean_rank": 0.026801232940731678,
        "adjusted_arithmetic_mean_rank_index": 0.9742935996845841,
        "adjusted_geometric_mean_rank_index": 0.9953445373374511,
        "adjusted_hits_at_k": 0.7180410053621137,
        "adjusted_inverse_harmonic_mean_rank": 0.5791439657507753,
        "arithmetic_mean_rank": 23.850467289719628,
        "count": 107.0,
        "geometric_mean_rank": 4.063694799043493,
        "harmonic_mean_rank": 1.7210185533168254,
        "hits_at_1": 0.514018691588785,
        "hits_at_10": 0.719626168224299,
        "hits_at_3": 0.5887850467289719,
        "hits_at_5": 0.6635514018691588,
        "inverse_arithmetic_mean_rank": 0.04192789968652037,
        "inverse_geometric_mean_rank": 0.24608147251495824,
        "inverse_harmonic_mean_rank": 0.58105126064606,
        "inverse_median_rank": 1.0,
        "median_absolute_deviation": 0.0,
        "median_rank": 1.0,
        "standard_deviation": 65.22682260874053,
        "variance": 4254.538387632106,
        "z_arithmetic_mean_rank": 17.44577409701463,
        "z_geometric_mean_rank": 10.448736733973432,
        "z_hits_at_k": 98.78089901850097,
        "z_inverse_harmonic_mean_rank": 198.3538305071358
      },
      "pessimistic": {
        "adjusted_arithmetic_mean_rank": 0.026801232940731678,
        "adjusted_arithmetic_mean_rank_index": 0.9742935996845841,
        "adjusted_geometric_mean_rank_index": 0.9953445373374511,
        "adjusted_hits_at_k": 0.7180410053621137,
        "adjusted_inverse_harmonic_mean_rank": 0.5791439657507753,
        "arithmetic_mean_rank": 23.850467289719628,
        "count": 107.0,
        "geometric_mean_rank": 4.063694799043493,
        "harmonic_mean_rank": 1.7210185533168254,
        "hits_at_1": 0.514018691588785,
        "hits_at_10": 0.719626168224299,
        "hits_at_3": 0.5887850467289719,
        "hits_at_5": 0.6635514018691588,