{
  "losses": [
    0.002998570963355676,
    0.0020896395145779795,
    0.001550584350610287,
    0.001254048321304156,
    0.0010369116517981725,
    0.0009026914520499081,
    0.0008315646647845416,
    0.0007793945124341603,
    0.0007754064063096375,
    0.0007661001952282561,
    0.0007533252678652907,
    0.0007534617060082588,
    0.0007689020220721669,
    0.0007525475617460956,
    0.0007736091274751969,
    0.0007646985798484529,
    0.0007608981470682537,
    0.0007756424719260331,
    0.0007718814365300436,
    0.0007777793572652984,
    0.0007858400712000666,
    0.0007729372302702374,
    0.0007878331990818845,
    0.0007807868802212762,
    0.00078935305785724,
    0.0007683423426565936,
    0.0007909824304803517,
    0.0007885798189977884,
    0.0007798493305785925,
    0.0007803609364109567
  ],
  "metrics": {
    "both": {
      "optimistic": {
        "adjusted_arithmetic_mean_rank": 0.07713733764454431,
        "adjusted_arithmetic_mean_rank_index": 0.9230263853614927,
        "adjusted_geometric_mean_rank_index": 0.9914830688365592,
        "adjusted_hits_at_k": 0.37887418810563356,
        "adjusted_inverse_harmonic_mean_rank": 0.2663254220553446,
        "arithmetic_mean_rank": 434.87961567445365,
        "count": 5308.0,
        "geometric_mean_rank": 36.27595763836838,
        "harmonic_mean_rank": 3.745707294696509,
        "hits_at_1": 0.20874152223059533,
        "hits_at_10": 0.3794272795779955,
        "hits_at_3": 0.2857950263752826,
        "hits_at_5": 0.32516955538809345,
        "inverse_arithmetic_mean_rank": 0.0022994869475523763,
        "inverse_geometric_mean_rank": 0.0275664672996067,
        "inverse_harmonic_mean_rank": 0.26697227554750075,
        "inverse_median_rank": 0.023809523809523808,
        "median_absolute_deviation": 60.78669095872968,
        "median_rank": 42.0,
        "standard_deviation": 918.1274253159306,
        "variance": 842957.9691172598,
        "z_arithmetic_mean_rank": 116.30405440610943,
        "z_geometric_mean_rank": 72.39407664207442,
        "z_hits_at_k": 924.6117797866748,
        "z_inverse_harmonic_mean_rank": 1606.1438406713644
      },
      "pessimistic": {
        "adjusted_arithmetic_mean_rank": 0.07713737106133049,
        "adjusted_arithmetic_mean_rank_index": 0.9230263519387781,
        "adjusted_geometric_mean_rank_index": 0.9914830164500429,
        "adjusted_hits_at_k": 0.37887418810563356,
        "adjusted_inverse_harmonic_mean_rank": 0.26632523197356744,
        "arithmetic_mean_rank": 434.87980406932934,
        "count": 5308.0,
        "geometric_mean_rank": 36.27617461611507,
        "harmonic_mean_rank": 3.745709959255847,
        "hits_at_1": 0.20874152223059533,
        "hits_at_10": 0.3794272795779955,
        "hits_at_3": 0.2857950263752826,
        "hits_at_5": 0.32516955538809345,
        "inverse_arithmetic_mean_rank": 0.0022994859513884858,
        "inverse_geometric_mean_rank": 0.027566302417007527,
        "inverse_harmonic_mean_rank": 0.2669720856333116,
        "inverse_median_rank": 0.023809523809523808,
        "median_absolute_deviation": 60.78669095872968,
        "median_rank": 42.0,
        "standard_deviation": 918.1273425445511,
        "variance": 842957.8171279195,
        "z_arithmetic_mean_rank": 116.30405019474854,
        "z_geometric_mean_rank": 72.39407281702324,
        "z_hits_at_k": 924.6117797866748,
        "z_inverse_harmonic_mean_rank": 1606.1426943344009
      },
      "realistic": {
        "adjusted_arithmetic_mean_rank": 0.07713735254993209,
        "adjusted_arithmetic_mean_rank_index": 0.9230263704534606,
        "adjusted_geometric_mean_rank_index": 0.9914830427159316,
        "adjusted_hits_at_k": 0.37887418810563356,
        "adjusted_inverse_harmonic_mean_rank": 0.26632533537381825,
        "arithmetic_mean_rank": 434.87969970703125,
        "count": 5308.0,
        "geometric_mean_rank": 36.276065826416016,
        "harmonic_mean_rank": 3.7457085097944764,
        "hits_at_1": 0.20874152223059533,
        "hits_at_10": 0.3794272795779955,
        "hits_at_3": 0.2857950263752826,
        "hits_at_5": 0.32516955538809345,
        "inverse_arithmetic_mean_rank": 0.0022994864266365767,
        "inverse_geometric_mean_rank": 0.02756638452410698,
        "inverse_harmonic_mean_rank": 0.26697218894239827,
        "inverse_median_rank": 0.02380952425301075,
        "median_absolute_deviation": 60.78669095872968,
        "median_rank": 42.0,
        "standard_deviation": 918.1273803710938,
        "variance": 842957.9375,
        "z_arithmetic_mean_rank": 116.3040525276533,
        "z_geometric_mean_rank": 72.39407473485203,
        "z_hits_at_k": 924.6117797866748,
        "z_inverse_harmonic_mean_rank": 1606.143317916163
      }
    },
    "head": {
      "optimistic": {
        "adjusted_arithmetic_mean_rank": 0.041634339293593496,
        "adjusted_arithmetic_mean_rank_index": 0.9585384707497967,
        "adjusted_geometric_mean_rank_index": 0.9897797278430482,
        "adjusted_hits_at_k": 0.2691177816935379,
        "adjusted_inverse_harmonic_mean_rank": 0.1938642655657131,
        "arithmetic_mean_rank": 230.93632253202713,
        "count": 2654.0,
        "geometric_mean_rank": 42.59034631321042,
        "harmonic_mean_rank": 5.139077161849477,
        "hits_at_1": 0.1503391107761869,
        "hits_at_10": 0.26978146194423513,
        "hits_at_3": 0.19819140919366993,
        "hits_at_5": 0.2215523737754333,
        "inverse_arithmetic_mean_rank": 0.00433019799153213,
        "inverse_geometric_mean_rank": 0.023479499148609317,
        "inverse_harmonic_mean_rank": 0.19458746551299394,
        "inverse_median_rank": 0.01639344262295082,
        "median_absolute_deviation": 88.95613311033611,
        "median_rank": 61.0,
        "standard_deviation": 511.81973038600165,
        "variance": 261959.4364123994,
        "z_arithmetic_mean_rank": 85.2994637827127,
        "z_geometric_mean_rank": 51.11104663621075,
        "z_hits_at_k": 459.87713532166157,
        "z_inverse_harmonic_mean_rank": 818.6965917305562
      },
      "pessimistic": {
        "adjusted_arithmetic_mean_rank": 0.041634407223108336,
        "adjusted_arithmetic_mean_rank_index": 0.9585384028080329,
        "adjusted_geometric_mean_rank_index": 0.9897796026417884,
        "adjusted_hits_at_k": 0.2691177816935379,
        "adjusted_inverse_harmonic_mean_rank": 0.19386388539627744,
        "arithmetic_mean_rank": 230.93669932177843,
        "count": 2654.0,
        "geometric_mean_rank": 42.59085580685927,
        "harmonic_mean_rank": 5.139087193179859,
        "hits_at_1": 0.1503391107761869,
        "hits_at_10": 0.26978146194423513,
        "hits_at_3": 0.19819140919366993,
        "hits_at_5": 0.2215523737754333,
        "inverse_arithmetic_mean_rank": 0.004330190926504228,
        "inverse_geometric_mean_rank": 0.023479218274805123,
        "inverse_harmonic_mean_rank": 0.19458708568461563,
        "inverse_median_rank": 0.01639344262295082,
        "median_absolute_deviation": 88.95613311033611,
        "median_rank": 61.0,
        "standard_deviation": 511.8195835654715,
        "variance": 261959.28612113264,
        "z_arithmetic_mean_rank": 85.29945773663715,
        "z_geometric_mean_rank": 51.11104017096677,
        "z_hits_at_k": 459.87713532166157,
        "z_inverse_harmonic_mean_rank": 818.694986259737
      },
      "realistic": {
        "adjusted_arithmetic_mean_rank": 0.041634372762893335,
        "adjusted_arithmetic_mean_rank_index": 0.9585384372744618,
        "adjusted_geometric_mean_rank_index": 0.9897796647964748,
        "adjusted_hits_at_k": 0.2691177816935379,
        "adjusted_inverse_harmonic_mean_rank": 0.19386407620071716,
        "arithmetic_mean_rank": 230.93650817871094,
        "count": 2654.0,
        "geometric_mean_rank": 42.59060287475586,
        "harmonic_mean_rank": 5.139082158518851,
        "hits_at_1": 0.1503391107761869,
        "hits_at_10": 0.26978146194423513,