{
  "losses": [
    0.004021009693352965,
    0.003283100490797016,
    0.0026906916223161897,
    0.0022817408859698934,
    0.002024031015362569,
    0.0017539857122112418,
    0.0015285979634544976,
    0.0012851632202590493,
    0.0010794145698320415,
    0.000897856524615971,
    0.0007196374264518276,
    0.0005577708841665261,
    0.00043313640790841644,
    0.00036407968600796594,
    0.00027919262917437703,
    0.00023409176137986358,
    0.0002212879077887449,
    0.00019064945526771823,
    0.0001814652454017421,
    0.00017491837918172522,
    0.00015434898547847468,
    0.000151935348116667,
    0.0001653979170587602,
    0.00014627037162276297,
    0.00015215320243807081,
    0.00013549919483486506,
    0.00015189961674326883,
    0.00014627181799129323,
    0.00014850783532324445,
    0.00014961984314976488
  ],
  "metrics": {
    "both": {
      "optimistic": {
        "adjusted_arithmetic_mean_rank": 0.028390323696876277,
        "adjusted_arithmetic_mean_rank_index": 0.9727010287633845,
        "adjusted_geometric_mean_rank_index": 0.998279542685665,
        "adjusted_hits_at_k": 0.8590217318224841,
        "adjusted_inverse_harmonic_mean_rank": 0.7580464286716957,
        "arithmetic_mean_rank": 25.30373831775701,
        "count": 214.0,
        "geometric_mean_rank": 2.1313829185360866,
        "harmonic_mean_rank": 1.3172775357651463,
        "hits_at_1": 0.7102803738317757,
        "hits_at_10": 0.8598130841121495,
        "hits_at_3": 0.7710280373831776,
        "hits_at_5": 0.8084112149532711,
        "inverse_arithmetic_mean_rank": 0.039519852262234534,
        "inverse_geometric_mean_rank": 0.46917895010946103,
        "inverse_harmonic_mean_rank": 0.7591414662811704,
        "inverse_median_rank": 1.0,
        "median_absolute_deviation": 0.0,
        "median_rank": 1.0,
        "standard_deviation": 128.89543789932452,
        "variance": 16614.033911258623,
        "z_arithmetic_mean_rank": 24.631685013710307,
        "z_geometric_mean_rank": 14.772282117901906,
        "z_hits_at_k": 167.25530413230067,
        "z_inverse_harmonic_mean_rank": 367.4488001644342
      },
      "pessimistic": {
        "adjusted_arithmetic_mean_rank": 0.028390323696876277,
        "adjusted_arithmetic_mean_rank_index": 0.9727010287633845,
        "adjusted_geometric_mean_rank_index": 0.998279542685665,
        "adjusted_hits_at_k": 0.8590217318224841,
        "adjusted_inverse_harmonic_mean_rank": 0.7580464286716957,
        "arithmetic_mean_rank": 25.30373831775701,
        "count": 214.0,
        "geometric_mean_rank": 2.1313829185360866,
        "harmonic_mean_rank": 1.3172775357651463,
        "hits_at_1": 0.7102803738317757,
        "hits_at_10": 0.8598130841121495,
        "hits_at_3": 0.7710280373831776,
        "hits_at_5": 0.8084112149532711,
        "inverse_arithmetic_mean_rank": 0.039519852262234534,
        "inverse_geometric_mean_rank": 0.46917895010946103,
        "inverse_harmonic_mean_rank": 0.7591414662811704,
        "inverse_median_rank": 1.0,
        "median_absolute_deviation": 0.0,
        "median_rank": 1.0,
        "standard_deviation": 128.89543789932452,
        "variance": 16614.033911258623,
        "z_arithmetic_mean_rank": 24.631685013710307,
        "z_geometric_mean_rank": 14.772282117901906,
        "z_hits_at_k": 167.25530413230067,
        "z_inverse_harmonic_mean_rank": 367.4488001644342
      },
      "realistic": {
        "adjusted_arithmetic_mean_rank": 0.02839032293687284,
        "adjusted_arithmetic_mean_rank_index": 0.9727010295242416,
        "adjusted_geometric_mean_rank_index": 0.9982795426496806,
        "adjusted_hits_at_k": 0.8590217318224841,
        "adjusted_inverse_harmonic_mean_rank": 0.7580464029777291,
        "arithmetic_mean_rank": 25.30373764038086,
        "count": 214.0,
        "geometric_mean_rank": 2.131382942199707,
        "harmonic_mean_rank": 1.317277580148053,
        "hits_at_1": 0.7102803738317757,
        "hits_at_10": 0.8598130841121495,
        "hits_at_3": 0.7710280373831776,
        "hits_at_5": 0.8084112149532711,
        "inverse_arithmetic_mean_rank": 0.03951985388994217,
        "inverse_geometric_mean_rank": 0.4691789448261261,
        "inverse_harmonic_mean_rank": 0.75914144070349,
        "inverse_median_rank": 1.0,
        "median_absolute_deviation": 0.0,
        "median_rank": 1.0,
        "standard_deviation": 128.89544677734375,
        "variance": 16614.037109375,
        "z_arithmetic_mean_rank": 24.631685032977472,
        "z_geometric_mean_rank": 14.772282117369416,
        "z_hits_at_k": 167.25530413230067,
        "z_inverse_harmonic_mean_rank": 367.4487877097654
      }
    },
    "head": {
      "optimistic": {
        "adjusted_arithmetic_mean_rank": 0.02606085414108337,
        "adjusted_arithmetic_mean_rank_index": 0.9750341494168332,
        "adjusted_geometric_mean_rank_index": 0.9972120887626,
        "adjusted_hits_at_k": 0.7932307785182907,
        "adjusted_inverse_harmonic_mean_rank": 0.6514123331580773,
        "arithmetic_mean_rank": 23.205607476635514,
        "count": 107.0,
        "geometric_mean_rank": 2.835794632947057,
        "harmonic_mean_rank": 1.5314140319702678,
        "hits_at_1": 0.5887850467289719,
        "hits_at_10": 0.794392523364486,
        "hits_at_3": 0.6635514018691588,
        "hits_at_5": 0.719626168224299,
        "inverse_arithmetic_mean_rank": 0.04309303262182843,
        "inverse_geometric_mean_rank": 0.35263484470339274,
        "inverse_harmonic_mean_rank": 0.6529912741581925,
        "inverse_median_rank": 1.0,
        "median_absolute_deviation": 0.0,
        "median_rank": 1.0,
        "standard_deviation": 106.49871556574915,
        "variance": 11341.976417154341,
        "z_arithmetic_mean_rank": 17.45905567175685,
        "z_geometric_mean_rank": 10.46830563927758,
        "z_hits_at_k": 109.15799836306942,
        "z_inverse_harmonic_mean_rank": 223.17231573806703
      },
      "pessimistic": {
        "adjusted_arithmetic_mean_rank": 0.02606085414108337,
        "adjusted_arithmetic_mean_rank_index": 0.9750341494168332,
        "adjusted_geometric_mean_rank_index": 0.9972120887626,
        "adjusted_hits_at_k": 0.7932307785182907,
        "adjusted_inverse_harmonic_mean_rank": 0.6514123331580773,
        "arithmetic_mean_rank": 23.205607476635514,
        "count": 107.0,
        "geometric_mean_rank": 2.835794632947057,
        "harmonic_mean_rank": 1.5314140319702678,
        "hits_at_1": 0.5887850467289719,
        "hits_at_10": 0.794392523364486,
        "hits_at_3": 0.6635514018691588,
        "hits_at_5": 0.719626168224299,
        "inverse_arithmetic_mean_rank": 0.04309303262182843,
        "inverse_geometric_mean_rank": 0.35263484470339274,
        "inverse_harmonic_mean_rank": 0.6529912741581925,
        "inverse_median_rank": 1.0,
        "median_absolute_deviation": 0.0,
        "median_rank": 1.0,
        "standard_deviation": 106.49871556574915,
        "variance": 11341.976417154341,
        "z_arithmetic_mean_rank": 17.45905567175685,
        "z_geometric_mean_rank": 10.46830563927758,
        "z_hits_at_k": 109.15799836306942,
        "z_inverse_harmonic_mean_rank": 223.17231573806703
      },
      "realistic": {
        "adjusted_arithmetic_mean_rank": 0.026060855142032515,
        "adjusted_arithmetic_mean_rank_index": 0.9750341484147587,
        "adjusted_geometric_mean_rank_index": 0.9972120890421734,
        "adjusted_hits_at_k": 0.7932307785182907,
        "adjusted_inverse_harmonic_mean_rank": 0.6514123808151214,
        "arithmetic_mean_rank": 23.205608367919922,
        "count": 107.0,
        "geometric_mean_rank": 2.835794448852539,
        "harmonic_mean_rank": 1.5314139207098485,
        "hits_at_1": 0.5887850467289719,
        "hits_at_10": 0.794392523364486,
        "hits_at_3": 0.6635514018691588,
        "hits_at_5": 0.719626168224299,
        "inverse_arithmetic_mean_rank": 0.04309302940964699,
        "inverse_geometric_mean_rank": 0.35263487696647644,