{
  "losses": [
    0.002188302573526851,
    0.001242912153223984,
    0.0009518689102677342,
    0.0008367336890583211,
    0.0008004175213176265,
    0.0007881136857944803,
    0.0008064599448035139,
    0.0007822614629051018,
    0.0007871794643153093,
    0.0007857273947123748,
    0.0007784892731183049,
    0.0007808801069623925,
    0.0007781283871609385,
    0.0007782726016980236,
    0.0007834041719114816,
    0.0007832437853698359,
    0.0007875000994928583,
    0.0007772471125728769,
    0.000777521902087438,
    0.0007761786086540503,
    0.0007776614910142243,
    0.0007790352579462377,
    0.0007788072612134767,
    0.0007901709217144792,
    0.000784288741424297,
    0.0007834901217966632,
    0.0008033885851841153,
    0.0007833902101348426,
    0.0007761891567392028,
    0.0007641165620109971,
    0.0007865483534972449,
    0.0007856905652272122,
    0.0007823181744132424,
    0.0007725955421734648,
    0.0007764884063016941,
    0.0007904888282722252,
    0.0007848649584158056,
    0.0007668582652936353,
    0.0007728296395311786,
    0.0007691236549879717
  ],
  "metrics": {
    "both": {
      "optimistic": {
        "adjusted_arithmetic_mean_rank": 0.04029462479515588,
        "adjusted_arithmetic_mean_rank_index": 0.9598787113425228,
        "adjusted_geometric_mean_rank_index": 0.9866765514961676,
        "adjusted_hits_at_k": 0.17413040731107057,
        "adjusted_inverse_harmonic_mean_rank": 0.08541343995191143,
        "arithmetic_mean_rank": 223.1384236453202,
        "count": 14210.0,
        "geometric_mean_rank": 55.271492479153956,
        "harmonic_mean_rank": 11.596780967559647,
        "hits_at_1": 0.03856439127375088,
        "hits_at_10": 0.1748768472906404,
        "hits_at_3": 0.07515833919774806,
        "hits_at_5": 0.10295566502463054,
        "inverse_arithmetic_mean_rank": 0.004481523099712785,
        "inverse_geometric_mean_rank": 0.018092509450095946,
        "inverse_harmonic_mean_rank": 0.08623082584704828,
        "inverse_median_rank": 0.016666666666666666,
        "median_absolute_deviation": 78.5779175807969,
        "median_rank": 60.0,
        "standard_deviation": 631.8394040917616,
        "variance": 399221.03256303235,
        "z_arithmetic_mean_rank": 198.08348022815346,
        "z_geometric_mean_rank": 117.8682498976549,
        "z_hits_at_k": 690.1345831550104,
        "z_inverse_harmonic_mean_rank": 836.5688422838639
      },
      "pessimistic": {
        "adjusted_arithmetic_mean_rank": 0.04029465021124199,
        "adjusted_arithmetic_mean_rank_index": 0.9598786859218462,
        "adjusted_geometric_mean_rank_index": 0.9866765483834948,
        "adjusted_hits_at_k": 0.17413040731107057,
        "adjusted_inverse_harmonic_mean_rank": 0.08541343928463095,
        "arithmetic_mean_rank": 223.13856439127375,
        "count": 14210.0,
        "geometric_mean_rank": 55.27150515825819,
        "harmonic_mean_rank": 11.596781057218882,
        "hits_at_1": 0.03856439127375088,
        "hits_at_10": 0.1748768472906404,
        "hits_at_3": 0.07515833919774806,
        "hits_at_5": 0.10295566502463054,
        "inverse_arithmetic_mean_rank": 0.004481520272965899,
        "inverse_geometric_mean_rank": 0.018092505299732886,
        "inverse_harmonic_mean_rank": 0.08623082518036415,
        "inverse_median_rank": 0.016666666666666666,
        "median_absolute_deviation": 78.5779175807969,
        "median_rank": 60.0,
        "standard_deviation": 631.8399845625136,
        "variance": 399221.76609195734,
        "z_arithmetic_mean_rank": 198.0834749822656,
        "z_geometric_mean_rank": 117.86824952581544,
        "z_hits_at_k": 690.1345831550104,
        "z_inverse_harmonic_mean_rank": 836.5688357482875
      },
      "realistic": {
        "adjusted_arithmetic_mean_rank": 0.040294636555370036,
        "adjusted_arithmetic_mean_rank_index": 0.9598786995801846,
        "adjusted_geometric_mean_rank_index": 0.986676553485707,
        "adjusted_hits_at_k": 0.17413040731107057,
        "adjusted_inverse_harmonic_mean_rank": 0.08541344365712779,
        "arithmetic_mean_rank": 223.13848876953125,
        "count": 14210.0,
        "geometric_mean_rank": 55.271484375,
        "harmonic_mean_rank": 11.596780469707769,
        "hits_at_1": 0.03856439127375088,
        "hits_at_10": 0.1748768472906404,
        "hits_at_3": 0.07515833919774806,
        "hits_at_5": 0.10295566502463054,
        "inverse_arithmetic_mean_rank": 0.004481521900743246,
        "inverse_geometric_mean_rank": 0.018092511221766472,
        "inverse_harmonic_mean_rank": 0.0862308295489532,
        "inverse_median_rank": 0.01666666753590107,
        "median_absolute_deviation": 78.5779175807969,
        "median_rank": 60.0,
        "standard_deviation": 631.8396606445312,
        "variance": 399221.375,
        "z_arithmetic_mean_rank": 198.0834778008417,
        "z_geometric_mean_rank": 117.86825013532504,
        "z_hits_at_k": 690.1345831550104,
        "z_inverse_harmonic_mean_rank": 836.5688785740374
      }
    },
    "head": {
      "optimistic": {
        "adjusted_arithmetic_mean_rank": 0.04171269232492904,
        "adjusted_arithmetic_mean_rank_index": 0.9584628040021824,
        "adjusted_geometric_mean_rank_index": 0.9816651877480131,
        "adjusted_hits_at_k": 0.13615373499333308,
        "adjusted_inverse_harmonic_mean_rank": 0.0655990256170794,
        "arithmetic_mean_rank": 227.81140042223785,
        "count": 7105.0,
        "geometric_mean_rank": 74.64009342978427,
        "harmonic_mean_rank": 15.05004911575114,
        "hits_at_1": 0.028149190710767064,
        "hits_at_10": 0.13694581280788176,
        "hits_at_3": 0.05249824067558058,
        "hits_at_5": 0.0748768472906404,
        "inverse_arithmetic_mean_rank": 0.004389595947114791,
        "inverse_geometric_mean_rank": 0.013397625244677969,
        "inverse_harmonic_mean_rank": 0.06644496588077019,
        "inverse_median_rank": 0.011111111111111112,
        "median_absolute_deviation": 117.12557526194256,
        "median_rank": 90.0,
        "standard_deviation": 434.2299421791978,
        "variance": 188555.64268494945,
        "z_arithmetic_mean_rank": 139.82328820254853,
        "z_geometric_mean_rank": 82.92840628234684,
        "z_hits_at_k": 378.8323094346713,
        "z_inverse_harmonic_mean_rank": 451.0690222999756
      },
      "pessimistic": {
        "adjusted_arithmetic_mean_rank": 0.04171269232492904,
        "adjusted_arithmetic_mean_rank_index": 0.9584628040021824,
        "adjusted_geometric_mean_rank_index": 0.9816651877480131,
        "adjusted_hits_at_k": 0.13615373499333308,
        "adjusted_inverse_harmonic_mean_rank": 0.0655990256170794,
        "arithmetic_mean_rank": 227.81140042223785,
        "count": 7105.0,
        "geometric_mean_rank": 74.64009342978427,
        "harmonic_mean_rank": 15.05004911575114,
        "hits_at_1": 0.028149190710767064,
        "hits_at_10": 0.13694581280788176,
        "hits_at_3": 0.05249824067558058,
        "hits_at_5": 0.0748768472906404,
        "inverse_arithmetic_mean_rank": 0.004389595947114791,
        "inverse_geometric_mean_rank": 0.013397625244677969,
        "inverse_harmonic_mean_rank": 0.06644496588077019,
        "inverse_median_rank": 0.011111111111111112,
        "median_absolute_deviation": 117.12557526194256,
        "median_rank": 90.0,
        "standard_deviation": 434.2299421791978,
        "variance": 188555.64268494945,
        "z_arithmetic_mean_rank": 139.82328820254853,
        "z_geometric_mean_rank": 82.92840628234684,
        "z_hits_at_k": 378.8323094346713,
        "z_inverse_harmonic_mean_rank": 451.0690222999756
      },
      "realistic": {
        "adjusted_arithmetic_mean_rank": 0.041712692497951086,
        "adjusted_arithmetic_mean_rank_index": 0.9584628038291287,
        "adjusted_geometric_mean_rank_index": 0.9816651959655489,
        "adjusted_hits_at_k": 0.13615373499333308,
        "adjusted_inverse_harmonic_mean_rank": 0.06559902690133096,