{
  "losses": [
    0.003925025794241164,
    0.003039462785971792,
    0.002299426661597358,
    0.001751478504367739,
    0.001415587752534632,
    0.0011312461169491036,
    0.0009207437261503342,
    0.0007637648423861342,
    0.000627001074322483,
    0.0005015385059411066,
    0.0004379433040556155,
    0.00039826608671430955,
    0.00036565128561348944,
    0.0003252794835389706,
    0.00031366478869615245,
    0.0002990037660326874,
    0.00032520876729000384,
    0.00027631423408873597,
    0.0002746185952285577,
    0.00028324276862437265,
    0.00026571847258778343,
    0.00025873146406565494,
    0.0002568824325650059,
    0.0002678467320245609,
    0.00025149634140625334,
    0.00023968821794491762,
    0.0002365521160744087,
    0.0002537465953861761,
    0.0002388790206253877,
    0.00024411974158900524,
    0.00023762960618699502,
    0.00023565206197444458,
    0.00024078037720500376,
    0.00023536527670963466,
    0.0002190654857726822,
    0.00022452822314542636,
    0.00024703875924760136,
    0.00022135857623397257,
    0.00024358378233093966,
    0.00026318713238364773
  ],
  "metrics": {
    "both": {
      "optimistic": {
        "adjusted_arithmetic_mean_rank": 0.025659565626565958,
        "adjusted_arithmetic_mean_rank_index": 0.9751566106246174,
        "adjusted_geometric_mean_rank_index": 0.9960886890680181,
        "adjusted_hits_at_k": 0.7290055196908802,
        "adjusted_inverse_harmonic_mean_rank": 0.46414396824095777,
        "arithmetic_mean_rank": 30.65771028037383,
        "count": 856.0,
        "geometric_mean_rank": 4.441707844198101,
        "harmonic_mean_rank": 2.1458366244815696,
        "hits_at_1": 0.34345794392523366,
        "hits_at_10": 0.7301401869158879,
        "hits_at_3": 0.5198598130841121,
        "hits_at_5": 0.6074766355140186,
        "inverse_arithmetic_mean_rank": 0.03261822200205769,
        "inverse_geometric_mean_rank": 0.22513862574420143,
        "inverse_harmonic_mean_rank": 0.46601870272467655,
        "inverse_median_rank": 0.3333333333333333,
        "median_absolute_deviation": 2.965204437011204,
        "median_rank": 3.0,
        "standard_deviation": 179.43318957202658,
        "variance": 32196.269519990827,
        "z_arithmetic_mean_rank": 49.39323229193007,
        "z_geometric_mean_rank": 29.36184940356601,
        "z_hits_at_k": 328.92936962091994,
        "z_inverse_harmonic_mean_rank": 520.3428670082188
      },
      "pessimistic": {
        "adjusted_arithmetic_mean_rank": 0.025659565626565958,
        "adjusted_arithmetic_mean_rank_index": 0.9751566106246174,
        "adjusted_geometric_mean_rank_index": 0.9960886890680181,
        "adjusted_hits_at_k": 0.7290055196908802,
        "adjusted_inverse_harmonic_mean_rank": 0.46414396824095777,
        "arithmetic_mean_rank": 30.65771028037383,
        "count": 856.0,
        "geometric_mean_rank": 4.441707844198101,
        "harmonic_mean_rank": 2.1458366244815696,
        "hits_at_1": 0.34345794392523366,
        "hits_at_10": 0.7301401869158879,
        "hits_at_3": 0.5198598130841121,
        "hits_at_5": 0.6074766355140186,
        "inverse_arithmetic_mean_rank": 0.03261822200205769,
        "inverse_geometric_mean_rank": 0.22513862574420143,
        "inverse_harmonic_mean_rank": 0.46601870272467655,
        "inverse_median_rank": 0.3333333333333333,
        "median_absolute_deviation": 2.965204437011204,
        "median_rank": 3.0,
        "standard_deviation": 179.43318957202658,
        "variance": 32196.269519990827,
        "z_arithmetic_mean_rank": 49.39323229193007,
        "z_geometric_mean_rank": 29.36184940356601,
        "z_hits_at_k": 328.92936962091994,
        "z_inverse_harmonic_mean_rank": 520.3428670082188
      },
      "realistic": {
        "adjusted_arithmetic_mean_rank": 0.025659566253187296,
        "adjusted_arithmetic_mean_rank_index": 0.9751566099974712,
        "adjusted_geometric_mean_rank_index": 0.9960886893329394,
        "adjusted_hits_at_k": 0.7290055196908802,
        "adjusted_inverse_harmonic_mean_rank": 0.464143977959471,
        "arithmetic_mean_rank": 30.657711029052734,
        "count": 856.0,
        "geometric_mean_rank": 4.441707611083984,
        "harmonic_mean_rank": 2.145836579888122,
        "hits_at_1": 0.34345794392523366,
        "hits_at_10": 0.7301401869158879,
        "hits_at_3": 0.5198598130841121,
        "hits_at_5": 0.6074766355140186,
        "inverse_arithmetic_mean_rank": 0.03261822089552879,
        "inverse_geometric_mean_rank": 0.22513863444328308,
        "inverse_harmonic_mean_rank": 0.4660187124091888,
        "inverse_median_rank": 0.3333333432674408,
        "median_absolute_deviation": 2.965204437011204,
        "median_rank": 3.0,
        "standard_deviation": 179.43319702148438,
        "variance": 32196.26953125,
        "z_arithmetic_mean_rank": 49.39323226016411,
        "z_geometric_mean_rank": 29.361849411375132,
        "z_hits_at_k": 328.92936962091994,
        "z_inverse_harmonic_mean_rank": 520.342877903457
      }
    },
    "head": {
      "optimistic": {
        "adjusted_arithmetic_mean_rank": 0.012775137391045252,
        "adjusted_arithmetic_mean_rank_index": 0.9880538391437373,
        "adjusted_geometric_mean_rank_index": 0.9979440613770167,
        "adjusted_hits_at_k": 0.8498369766341625,
        "adjusted_inverse_harmonic_mean_rank": 0.567186373209698,
        "arithmetic_mean_rank": 15.226635514018692,
        "count": 428.0,
        "geometric_mean_rank": 2.8056904726304146,
        "harmonic_mean_rank": 1.7583841804318197,
        "hits_at_1": 0.4369158878504673,
        "hits_at_10": 0.8504672897196262,
        "hits_at_3": 0.633177570093458,
        "hits_at_5": 0.7406542056074766,
        "inverse_arithmetic_mean_rank": 0.06567439005677458,
        "inverse_geometric_mean_rank": 0.356418503664259,
        "inverse_harmonic_mean_rank": 0.5687039334910432,
        "inverse_median_rank": 0.5,
        "median_absolute_deviation": 1.482602218505602,
        "median_rank": 2.0,
        "standard_deviation": 134.798855138403,
        "variance": 18170.73134662416,
        "z_arithmetic_mean_rank": 35.38688534819147,
        "z_geometric_mean_rank": 20.817968745096383,
        "z_hits_at_k": 270.79935245908507,
        "z_inverse_harmonic_mean_rank": 449.065333156421
      },
      "pessimistic": {
        "adjusted_arithmetic_mean_rank": 0.012775137391045252,
        "adjusted_arithmetic_mean_rank_index": 0.9880538391437373,
        "adjusted_geometric_mean_rank_index": 0.9979440613770167,
        "adjusted_hits_at_k": 0.8498369766341625,
        "adjusted_inverse_harmonic_mean_rank": 0.567186373209698,
        "arithmetic_mean_rank": 15.226635514018692,
        "count": 428.0,
        "geometric_mean_rank": 2.8056904726304146,
        "harmonic_mean_rank": 1.7583841804318197,
        "hits_at_1": 0.4369158878504673,
        "hits_at_10": 0.8504672897196262,
        "hits_at_3": 0.633177570093458,
        "hits_at_5": 0.7406542056074766,
        "inverse_arithmetic_mean_rank": 0.06567439005677458,
        "inverse_geometric_mean_rank": 0.356418503664259,
        "inverse_harmonic_mean_rank": 0.5687039334910432,
        "inverse_median_rank": 0.5,
        "median_absolute_deviation": 1.482602218505602,
        "median_rank": 2.0,
        "standard_deviation": 134.798855138403,
        "variance": 18170.73134662416,
        "z_arithmetic_mean_rank": 35.38688534819147,
        "z_geometric_mean_rank": 20.817968745096383,
        "z_hits_at_k": 270.79935245908507,
        "z_inverse_harmonic_mean_rank": 449.065333156421
      },
      "realistic": {
        "adjusted_arithmetic_mean_rank": 0.012775137742505162,
        "adjusted_arithmetic_mean_rank_index": 0.9880538387919824,
        "adjusted_geometric_mean_rank_index": 0.9979440613151551,
        "adjusted_hits_at_k": 0.8498369766341625,
        "adjusted_inverse_harmonic_mean_rank": 0.5671863495363506,
        "arithmetic_mean_rank": 15.226635932922363,